scenario_id,outer_id,repeat,fold,inner_cv,scoring,refit,tuning_engine,candidate_count,best_inner_r2,elapsed_seconds,max_depth,max_features,min_samples_leaf,min_samples_split,n_estimators
A_BMP_VS_all_features,1,1,1,"KFold(n_splits=5, shuffle=True, random_state=42)",r2,True,complete_grid_prefix_forest_equivalent,216,0.36272946544974954,38.956488847732544,10,sqrt,1,2,50
A_BMP_VS_all_features,2,1,2,"KFold(n_splits=5, shuffle=True, random_state=42)",r2,True,complete_grid_prefix_forest_equivalent,216,0.39855273230266486,34.79096794128418,7,sqrt,2,2,50
A_BMP_VS_all_features,3,1,3,"KFold(n_splits=5, shuffle=True, random_state=42)",r2,True,complete_grid_prefix_forest_equivalent,216,0.3757314306309926,35.61254858970642,10,sqrt,2,10,50
A_BMP_VS_all_features,4,1,4,"KFold(n_splits=5, shuffle=True, random_state=42)",r2,True,complete_grid_prefix_forest_equivalent,216,0.3765709272646046,35.46127891540527,5,sqrt,2,2,150
A_BMP_VS_all_features,5,1,5,"KFold(n_splits=5, shuffle=True, random_state=42)",r2,True,complete_grid_prefix_forest_equivalent,216,0.44753191707895573,36.0524468421936,10,0.7,1,2,100
A_BMP_VS_all_features,6,2,1,"KFold(n_splits=5, shuffle=True, random_state=42)",r2,True,complete_grid_prefix_forest_equivalent,216,0.3561325150388635,35.00526523590088,10,sqrt,1,5,150
A_BMP_VS_all_features,7,2,2,"KFold(n_splits=5, shuffle=True, random_state=42)",r2,True,complete_grid_prefix_forest_equivalent,216,0.3416894962303522,32.266353368759155,5,0.7,2,10,150
A_BMP_VS_all_features,8,2,3,"KFold(n_splits=5, shuffle=True, random_state=42)",r2,True,complete_grid_prefix_forest_equivalent,216,0.3902706771526751,31.498384952545166,,sqrt,2,5,150
A_BMP_VS_all_features,9,2,4,"KFold(n_splits=5, shuffle=True, random_state=42)",r2,True,complete_grid_prefix_forest_equivalent,216,0.4233983452737358,29.425331592559814,10,sqrt,1,5,50
A_BMP_VS_all_features,10,2,5,"KFold(n_splits=5, shuffle=True, random_state=42)",r2,True,complete_grid_prefix_forest_equivalent,216,0.4151750170495335,31.74752688407898,,sqrt,1,2,50
A_BMP_VS_all_features,11,3,1,"KFold(n_splits=5, shuffle=True, random_state=42)",r2,True,complete_grid_prefix_forest_equivalent,216,0.36238022468521514,30.45322275161743,5,sqrt,2,2,50
A_BMP_VS_all_features,12,3,2,"KFold(n_splits=5, shuffle=True, random_state=42)",r2,True,complete_grid_prefix_forest_equivalent,216,0.3237008824055122,30.498366594314575,7,sqrt,4,2,50
A_BMP_VS_all_features,13,3,3,"KFold(n_splits=5, shuffle=True, random_state=42)",r2,True,complete_grid_prefix_forest_equivalent,216,0.3291608819667241,31.686142683029175,10,sqrt,2,2,150
A_BMP_VS_all_features,14,3,4,"KFold(n_splits=5, shuffle=True, random_state=42)",r2,True,complete_grid_prefix_forest_equivalent,216,0.34720076804540734,30.173966884613037,10,sqrt,2,5,100
A_BMP_VS_all_features,15,3,5,"KFold(n_splits=5, shuffle=True, random_state=42)",r2,True,complete_grid_prefix_forest_equivalent,216,0.3486114549927157,32.56300401687622,7,sqrt,2,5,150
A_BMP_VS_all_features,16,4,1,"KFold(n_splits=5, shuffle=True, random_state=42)",r2,True,complete_grid_prefix_forest_equivalent,216,0.37165949549543525,33.949424743652344,5,sqrt,1,2,150
A_BMP_VS_all_features,17,4,2,"KFold(n_splits=5, shuffle=True, random_state=42)",r2,True,complete_grid_prefix_forest_equivalent,216,0.35417387204104517,32.203425884246826,,sqrt,1,2,50
A_BMP_VS_all_features,18,4,3,"KFold(n_splits=5, shuffle=True, random_state=42)",r2,True,complete_grid_prefix_forest_equivalent,216,0.4156298316104041,31.903350353240967,5,0.7,1,2,100
A_BMP_VS_all_features,19,4,4,"KFold(n_splits=5, shuffle=True, random_state=42)",r2,True,complete_grid_prefix_forest_equivalent,216,0.3359760719720627,31.756357669830322,,0.7,2,2,150
A_BMP_VS_all_features,20,4,5,"KFold(n_splits=5, shuffle=True, random_state=42)",r2,True,complete_grid_prefix_forest_equivalent,216,0.40595577565495217,31.00611448287964,5,0.7,2,10,100
A_BMP_VS_all_features,21,5,1,"KFold(n_splits=5, shuffle=True, random_state=42)",r2,True,complete_grid_prefix_forest_equivalent,216,0.41661926419531276,29.975886344909668,7,sqrt,2,5,50
A_BMP_VS_all_features,22,5,2,"KFold(n_splits=5, shuffle=True, random_state=42)",r2,True,complete_grid_prefix_forest_equivalent,216,0.27817339774336125,31.691245317459106,5,sqrt,2,5,150
A_BMP_VS_all_features,23,5,3,"KFold(n_splits=5, shuffle=True, random_state=42)",r2,True,complete_grid_prefix_forest_equivalent,216,0.356602256136865,30.587467908859253,7,sqrt,2,2,150
A_BMP_VS_all_features,24,5,4,"KFold(n_splits=5, shuffle=True, random_state=42)",r2,True,complete_grid_prefix_forest_equivalent,216,0.3745907261150342,32.357820987701416,5,0.7,4,2,100
A_BMP_VS_all_features,25,5,5,"KFold(n_splits=5, shuffle=True, random_state=42)",r2,True,complete_grid_prefix_forest_equivalent,216,0.49122185023940423,30.779032230377197,7,0.7,1,2,100
A_BMP_VS_all_features,26,6,1,"KFold(n_splits=5, shuffle=True, random_state=42)",r2,True,complete_grid_prefix_forest_equivalent,216,0.3950482256727213,31.203365325927734,,sqrt,1,2,150
A_BMP_VS_all_features,27,6,2,"KFold(n_splits=5, shuffle=True, random_state=42)",r2,True,complete_grid_prefix_forest_equivalent,216,0.356599429035076,31.382567167282104,5,sqrt,1,2,50
A_BMP_VS_all_features,28,6,3,"KFold(n_splits=5, shuffle=True, random_state=42)",r2,True,complete_grid_prefix_forest_equivalent,216,0.40908446718759955,30.571803331375122,5,0.7,2,5,100
A_BMP_VS_all_features,29,6,4,"KFold(n_splits=5, shuffle=True, random_state=42)",r2,True,complete_grid_prefix_forest_equivalent,216,0.40552177878781065,31.42875385284424,10,sqrt,1,5,50
A_BMP_VS_all_features,30,6,5,"KFold(n_splits=5, shuffle=True, random_state=42)",r2,True,complete_grid_prefix_forest_equivalent,216,0.2990477006183575,31.1993989944458,10,sqrt,1,2,100
A_BMP_VS_all_features,31,7,1,"KFold(n_splits=5, shuffle=True, random_state=42)",r2,True,complete_grid_prefix_forest_equivalent,216,0.38488156049769684,32.05842304229736,5,0.7,2,10,150
A_BMP_VS_all_features,32,7,2,"KFold(n_splits=5, shuffle=True, random_state=42)",r2,True,complete_grid_prefix_forest_equivalent,216,0.3406823444752416,35.86343574523926,7,sqrt,2,10,50
A_BMP_VS_all_features,33,7,3,"KFold(n_splits=5, shuffle=True, random_state=42)",r2,True,complete_grid_prefix_forest_equivalent,216,0.411380316482499,35.878944873809814,,sqrt,2,5,50
A_BMP_VS_all_features,34,7,4,"KFold(n_splits=5, shuffle=True, random_state=42)",r2,True,complete_grid_prefix_forest_equivalent,216,0.3636520368925812,34.83818221092224,,0.7,2,10,100
A_BMP_VS_all_features,35,7,5,"KFold(n_splits=5, shuffle=True, random_state=42)",r2,True,complete_grid_prefix_forest_equivalent,216,0.36245317918731496,40.99643015861511,7,0.7,1,5,100
A_BMP_VS_all_features,36,8,1,"KFold(n_splits=5, shuffle=True, random_state=42)",r2,True,complete_grid_prefix_forest_equivalent,216,0.36292360439269555,34.74798107147217,10,sqrt,1,2,50
A_BMP_VS_all_features,37,8,2,"KFold(n_splits=5, shuffle=True, random_state=42)",r2,True,complete_grid_prefix_forest_equivalent,216,0.41297567841778005,36.19915461540222,10,sqrt,1,10,50
A_BMP_VS_all_features,38,8,3,"KFold(n_splits=5, shuffle=True, random_state=42)",r2,True,complete_grid_prefix_forest_equivalent,216,0.3525992809394545,35.40849256515503,7,sqrt,2,5,150
A_BMP_VS_all_features,39,8,4,"KFold(n_splits=5, shuffle=True, random_state=42)",r2,True,complete_grid_prefix_forest_equivalent,216,0.3445441546888883,34.55933952331543,7,0.7,2,2,100
A_BMP_VS_all_features,40,8,5,"KFold(n_splits=5, shuffle=True, random_state=42)",r2,True,complete_grid_prefix_forest_equivalent,216,0.33960269782187796,32.6814980506897,5,0.7,2,5,150
A_BMP_VS_all_features,41,9,1,"KFold(n_splits=5, shuffle=True, random_state=42)",r2,True,complete_grid_prefix_forest_equivalent,216,0.3799274634927202,30.33704948425293,5,0.7,4,10,100
A_BMP_VS_all_features,42,9,2,"KFold(n_splits=5, shuffle=True, random_state=42)",r2,True,complete_grid_prefix_forest_equivalent,216,0.388542742432696,33.15962195396423,7,0.7,2,5,100
A_BMP_VS_all_features,43,9,3,"KFold(n_splits=5, shuffle=True, random_state=42)",r2,True,complete_grid_prefix_forest_equivalent,216,0.34374047900586313,30.644835948944092,10,0.7,2,2,100
A_BMP_VS_all_features,44,9,4,"KFold(n_splits=5, shuffle=True, random_state=42)",r2,True,complete_grid_prefix_forest_equivalent,216,0.3984843281691132,31.449324369430542,10,0.7,4,2,150
A_BMP_VS_all_features,45,9,5,"KFold(n_splits=5, shuffle=True, random_state=42)",r2,True,complete_grid_prefix_forest_equivalent,216,0.3447929446154488,33.5942816734314,7,sqrt,1,2,50
A_BMP_VS_all_features,46,10,1,"KFold(n_splits=5, shuffle=True, random_state=42)",r2,True,complete_grid_prefix_forest_equivalent,216,0.3428061169305675,35.59674024581909,10,0.7,2,5,150
A_BMP_VS_all_features,47,10,2,"KFold(n_splits=5, shuffle=True, random_state=42)",r2,True,complete_grid_prefix_forest_equivalent,216,0.36897678974627934,35.14505076408386,5,0.7,4,10,100
A_BMP_VS_all_features,48,10,3,"KFold(n_splits=5, shuffle=True, random_state=42)",r2,True,complete_grid_prefix_forest_equivalent,216,0.35452431243364274,34.55574369430542,7,0.7,1,2,50
A_BMP_VS_all_features,49,10,4,"KFold(n_splits=5, shuffle=True, random_state=42)",r2,True,complete_grid_prefix_forest_equivalent,216,0.4293497142101261,34.78661012649536,7,0.7,1,2,150
A_BMP_VS_all_features,50,10,5,"KFold(n_splits=5, shuffle=True, random_state=42)",r2,True,complete_grid_prefix_forest_equivalent,216,0.36348295140671516,35.73405981063843,10,sqrt,1,5,50
B_BMP_DM_no_DM_VS,1,1,1,"KFold(n_splits=5, shuffle=True, random_state=42)",r2,True,complete_grid_prefix_forest_equivalent,216,0.3695923660345465,36.85840821266174,10,sqrt,1,5,150
B_BMP_DM_no_DM_VS,2,1,2,"KFold(n_splits=5, shuffle=True, random_state=42)",r2,True,complete_grid_prefix_forest_equivalent,216,0.4376230971416713,35.46223759651184,7,sqrt,1,10,50
B_BMP_DM_no_DM_VS,3,1,3,"KFold(n_splits=5, shuffle=True, random_state=42)",r2,True,complete_grid_prefix_forest_equivalent,216,0.43780954273848643,35.59946799278259,7,sqrt,2,2,100
B_BMP_DM_no_DM_VS,4,1,4,"KFold(n_splits=5, shuffle=True, random_state=42)",r2,True,complete_grid_prefix_forest_equivalent,216,0.4499614695184052,31.405872583389282,7,sqrt,1,10,50
B_BMP_DM_no_DM_VS,5,1,5,"KFold(n_splits=5, shuffle=True, random_state=42)",r2,True,complete_grid_prefix_forest_equivalent,216,0.35199317090707394,37.0085391998291,5,sqrt,2,10,150
B_BMP_DM_no_DM_VS,6,2,1,"KFold(n_splits=5, shuffle=True, random_state=42)",r2,True,complete_grid_prefix_forest_equivalent,216,0.3439148613232888,33.87329578399658,5,sqrt,2,2,150
B_BMP_DM_no_DM_VS,7,2,2,"KFold(n_splits=5, shuffle=True, random_state=42)",r2,True,complete_grid_prefix_forest_equivalent,216,0.34153586569278155,36.061248779296875,5,sqrt,1,2,150
B_BMP_DM_no_DM_VS,8,2,3,"KFold(n_splits=5, shuffle=True, random_state=42)",r2,True,complete_grid_prefix_forest_equivalent,216,0.43496055134055833,33.871689319610596,5,0.7,1,2,150
B_BMP_DM_no_DM_VS,9,2,4,"KFold(n_splits=5, shuffle=True, random_state=42)",r2,True,complete_grid_prefix_forest_equivalent,216,0.5275619828448205,33.54544734954834,5,0.7,1,2,50
B_BMP_DM_no_DM_VS,10,2,5,"KFold(n_splits=5, shuffle=True, random_state=42)",r2,True,complete_grid_prefix_forest_equivalent,216,0.42166434074900616,33.6563925743103,5,0.7,2,10,100
B_BMP_DM_no_DM_VS,11,3,1,"KFold(n_splits=5, shuffle=True, random_state=42)",r2,True,complete_grid_prefix_forest_equivalent,216,0.36898485034615824,30.368319988250732,5,0.7,2,5,150
B_BMP_DM_no_DM_VS,12,3,2,"KFold(n_splits=5, shuffle=True, random_state=42)",r2,True,complete_grid_prefix_forest_equivalent,216,0.39837763779211305,32.6664502620697,5,sqrt,2,2,100
B_BMP_DM_no_DM_VS,13,3,3,"KFold(n_splits=5, shuffle=True, random_state=42)",r2,True,complete_grid_prefix_forest_equivalent,216,0.4576323694635507,31.41866397857666,5,sqrt,1,2,100
B_BMP_DM_no_DM_VS,14,3,4,"KFold(n_splits=5, shuffle=True, random_state=42)",r2,True,complete_grid_prefix_forest_equivalent,216,0.4502356368547554,32.84325385093689,10,sqrt,1,10,100
B_BMP_DM_no_DM_VS,15,3,5,"KFold(n_splits=5, shuffle=True, random_state=42)",r2,True,complete_grid_prefix_forest_equivalent,216,0.4244356720773882,31.77364683151245,5,sqrt,2,10,150
B_BMP_DM_no_DM_VS,16,4,1,"KFold(n_splits=5, shuffle=True, random_state=42)",r2,True,complete_grid_prefix_forest_equivalent,216,0.32446837792750705,30.964154720306396,5,sqrt,4,2,150
B_BMP_DM_no_DM_VS,17,4,2,"KFold(n_splits=5, shuffle=True, random_state=42)",r2,True,complete_grid_prefix_forest_equivalent,216,0.3689013450356576,31.583528995513916,5,sqrt,2,10,100
B_BMP_DM_no_DM_VS,18,4,3,"KFold(n_splits=5, shuffle=True, random_state=42)",r2,True,complete_grid_prefix_forest_equivalent,216,0.4228218827128215,30.902843236923218,5,sqrt,1,5,150
B_BMP_DM_no_DM_VS,19,4,4,"KFold(n_splits=5, shuffle=True, random_state=42)",r2,True,complete_grid_prefix_forest_equivalent,216,0.5312323784373161,32.51443696022034,10,0.7,1,2,150
B_BMP_DM_no_DM_VS,20,4,5,"KFold(n_splits=5, shuffle=True, random_state=42)",r2,True,complete_grid_prefix_forest_equivalent,216,0.4279187030877922,33.477747678756714,5,0.7,4,10,100
B_BMP_DM_no_DM_VS,21,5,1,"KFold(n_splits=5, shuffle=True, random_state=42)",r2,True,complete_grid_prefix_forest_equivalent,216,0.4721028298430802,35.782790660858154,5,sqrt,1,10,50
B_BMP_DM_no_DM_VS,22,5,2,"KFold(n_splits=5, shuffle=True, random_state=42)",r2,True,complete_grid_prefix_forest_equivalent,216,0.40845482177708076,34.50271558761597,5,0.7,1,10,50
B_BMP_DM_no_DM_VS,23,5,3,"KFold(n_splits=5, shuffle=True, random_state=42)",r2,True,complete_grid_prefix_forest_equivalent,216,0.35751958051909377,36.57461142539978,5,sqrt,1,10,50
B_BMP_DM_no_DM_VS,24,5,4,"KFold(n_splits=5, shuffle=True, random_state=42)",r2,True,complete_grid_prefix_forest_equivalent,216,0.38737926925503763,34.55659079551697,5,0.7,2,10,150
B_BMP_DM_no_DM_VS,25,5,5,"KFold(n_splits=5, shuffle=True, random_state=42)",r2,True,complete_grid_prefix_forest_equivalent,216,0.513375250566128,38.14828538894653,7,sqrt,2,2,50
B_BMP_DM_no_DM_VS,26,6,1,"KFold(n_splits=5, shuffle=True, random_state=42)",r2,True,complete_grid_prefix_forest_equivalent,216,0.4191520059698606,34.802398920059204,5,0.7,1,5,50
B_BMP_DM_no_DM_VS,27,6,2,"KFold(n_splits=5, shuffle=True, random_state=42)",r2,True,complete_grid_prefix_forest_equivalent,216,0.3792238553687623,37.403071641922,5,sqrt,2,2,100
B_BMP_DM_no_DM_VS,28,6,3,"KFold(n_splits=5, shuffle=True, random_state=42)",r2,True,complete_grid_prefix_forest_equivalent,216,0.4319808180862109,35.41744375228882,7,sqrt,1,2,100
B_BMP_DM_no_DM_VS,29,6,4,"KFold(n_splits=5, shuffle=True, random_state=42)",r2,True,complete_grid_prefix_forest_equivalent,216,0.3583892735156864,36.16255211830139,5,sqrt,2,2,100
B_BMP_DM_no_DM_VS,30,6,5,"KFold(n_splits=5, shuffle=True, random_state=42)",r2,True,complete_grid_prefix_forest_equivalent,216,0.4350461543669154,32.46418786048889,5,0.7,2,5,100
B_BMP_DM_no_DM_VS,31,7,1,"KFold(n_splits=5, shuffle=True, random_state=42)",r2,True,complete_grid_prefix_forest_equivalent,216,0.3999130366936322,32.14645051956177,5,sqrt,4,10,100
B_BMP_DM_no_DM_VS,32,7,2,"KFold(n_splits=5, shuffle=True, random_state=42)",r2,True,complete_grid_prefix_forest_equivalent,216,0.3101942215163776,33.41868185997009,5,sqrt,1,10,50
B_BMP_DM_no_DM_VS,33,7,3,"KFold(n_splits=5, shuffle=True, random_state=42)",r2,True,complete_grid_prefix_forest_equivalent,216,0.5650713659953329,32.78999423980713,,sqrt,1,5,100
B_BMP_DM_no_DM_VS,34,7,4,"KFold(n_splits=5, shuffle=True, random_state=42)",r2,True,complete_grid_prefix_forest_equivalent,216,0.4510331727989782,32.66912603378296,5,sqrt,2,2,100
B_BMP_DM_no_DM_VS,35,7,5,"KFold(n_splits=5, shuffle=True, random_state=42)",r2,True,complete_grid_prefix_forest_equivalent,216,0.4178341329645723,31.333965063095093,7,sqrt,1,5,100
B_BMP_DM_no_DM_VS,36,8,1,"KFold(n_splits=5, shuffle=True, random_state=42)",r2,True,complete_grid_prefix_forest_equivalent,216,0.4757784889087178,33.00218677520752,7,sqrt,1,10,150
B_BMP_DM_no_DM_VS,37,8,2,"KFold(n_splits=5, shuffle=True, random_state=42)",r2,True,complete_grid_prefix_forest_equivalent,216,0.4480664002159217,34.11396813392639,10,0.7,1,2,50
B_BMP_DM_no_DM_VS,38,8,3,"KFold(n_splits=5, shuffle=True, random_state=42)",r2,True,complete_grid_prefix_forest_equivalent,216,0.4098053159761392,30.95911717414856,5,sqrt,1,2,150
B_BMP_DM_no_DM_VS,39,8,4,"KFold(n_splits=5, shuffle=True, random_state=42)",r2,True,complete_grid_prefix_forest_equivalent,216,0.3256188005521041,33.089266777038574,5,0.7,2,10,100
B_BMP_DM_no_DM_VS,40,8,5,"KFold(n_splits=5, shuffle=True, random_state=42)",r2,True,complete_grid_prefix_forest_equivalent,216,0.32666487950735634,31.501008987426758,10,sqrt,4,10,50
B_BMP_DM_no_DM_VS,41,9,1,"KFold(n_splits=5, shuffle=True, random_state=42)",r2,True,complete_grid_prefix_forest_equivalent,216,0.45064285820352523,33.18161177635193,5,sqrt,4,10,100
B_BMP_DM_no_DM_VS,42,9,2,"KFold(n_splits=5, shuffle=True, random_state=42)",r2,True,complete_grid_prefix_forest_equivalent,216,0.3601648115792188,30.713210105895996,5,sqrt,1,10,150
B_BMP_DM_no_DM_VS,43,9,3,"KFold(n_splits=5, shuffle=True, random_state=42)",r2,True,complete_grid_prefix_forest_equivalent,216,0.39348135516066596,31.22823929786682,10,0.7,1,5,150
B_BMP_DM_no_DM_VS,44,9,4,"KFold(n_splits=5, shuffle=True, random_state=42)",r2,True,complete_grid_prefix_forest_equivalent,216,0.40508280859888063,30.361783266067505,5,sqrt,2,10,50
B_BMP_DM_no_DM_VS,45,9,5,"KFold(n_splits=5, shuffle=True, random_state=42)",r2,True,complete_grid_prefix_forest_equivalent,216,0.34286003700624823,30.092328548431396,7,sqrt,2,10,50
B_BMP_DM_no_DM_VS,46,10,1,"KFold(n_splits=5, shuffle=True, random_state=42)",r2,True,complete_grid_prefix_forest_equivalent,216,0.4261739332774542,33.83426594734192,5,sqrt,2,5,150
B_BMP_DM_no_DM_VS,47,10,2,"KFold(n_splits=5, shuffle=True, random_state=42)",r2,True,complete_grid_prefix_forest_equivalent,216,0.4024737518279875,30.865442991256714,5,sqrt,2,2,100
B_BMP_DM_no_DM_VS,48,10,3,"KFold(n_splits=5, shuffle=True, random_state=42)",r2,True,complete_grid_prefix_forest_equivalent,216,0.41668626165814227,32.546836614608765,5,0.7,1,2,50
B_BMP_DM_no_DM_VS,49,10,4,"KFold(n_splits=5, shuffle=True, random_state=42)",r2,True,complete_grid_prefix_forest_equivalent,216,0.4179046890788592,31.609290838241577,7,sqrt,2,10,100
B_BMP_DM_no_DM_VS,50,10,5,"KFold(n_splits=5, shuffle=True, random_state=42)",r2,True,complete_grid_prefix_forest_equivalent,216,0.43783854474603245,32.35437273979187,5,sqrt,1,5,100
C_BMP_DM_all_features,1,1,1,"KFold(n_splits=5, shuffle=True, random_state=42)",r2,True,complete_grid_prefix_forest_equivalent,216,0.4953237099180553,31.60914444923401,7,sqrt,1,2,150
C_BMP_DM_all_features,2,1,2,"KFold(n_splits=5, shuffle=True, random_state=42)",r2,True,complete_grid_prefix_forest_equivalent,216,0.5403866096950125,30.998743295669556,7,sqrt,2,2,100
C_BMP_DM_all_features,3,1,3,"KFold(n_splits=5, shuffle=True, random_state=42)",r2,True,complete_grid_prefix_forest_equivalent,216,0.5272989648242642,33.973278522491455,10,sqrt,1,5,50
C_BMP_DM_all_features,4,1,4,"KFold(n_splits=5, shuffle=True, random_state=42)",r2,True,complete_grid_prefix_forest_equivalent,216,0.5474756611197605,30.33541202545166,7,sqrt,1,2,100
C_BMP_DM_all_features,5,1,5,"KFold(n_splits=5, shuffle=True, random_state=42)",r2,True,complete_grid_prefix_forest_equivalent,216,0.5218566427715936,34.697709798812866,7,sqrt,2,5,150
C_BMP_DM_all_features,6,2,1,"KFold(n_splits=5, shuffle=True, random_state=42)",r2,True,complete_grid_prefix_forest_equivalent,216,0.51979634841154,32.48661422729492,7,0.7,1,2,100
C_BMP_DM_all_features,7,2,2,"KFold(n_splits=5, shuffle=True, random_state=42)",r2,True,complete_grid_prefix_forest_equivalent,216,0.4824649649005221,32.55181550979614,10,sqrt,1,5,150
C_BMP_DM_all_features,8,2,3,"KFold(n_splits=5, shuffle=True, random_state=42)",r2,True,complete_grid_prefix_forest_equivalent,216,0.5529014899456663,33.04793167114258,7,sqrt,1,2,150
C_BMP_DM_all_features,9,2,4,"KFold(n_splits=5, shuffle=True, random_state=42)",r2,True,complete_grid_prefix_forest_equivalent,216,0.6014167877679567,30.532700777053833,10,sqrt,1,2,50
C_BMP_DM_all_features,10,2,5,"KFold(n_splits=5, shuffle=True, random_state=42)",r2,True,complete_grid_prefix_forest_equivalent,216,0.530224235421708,34.65927767753601,7,0.7,1,2,50
C_BMP_DM_all_features,11,3,1,"KFold(n_splits=5, shuffle=True, random_state=42)",r2,True,complete_grid_prefix_forest_equivalent,216,0.4797582230916042,31.033753395080566,7,0.7,1,5,100
C_BMP_DM_all_features,12,3,2,"KFold(n_splits=5, shuffle=True, random_state=42)",r2,True,complete_grid_prefix_forest_equivalent,216,0.47535962819452526,33.21987175941467,7,sqrt,2,2,150
C_BMP_DM_all_features,13,3,3,"KFold(n_splits=5, shuffle=True, random_state=42)",r2,True,complete_grid_prefix_forest_equivalent,216,0.5124733774263369,31.905784130096436,7,sqrt,1,2,150
C_BMP_DM_all_features,14,3,4,"KFold(n_splits=5, shuffle=True, random_state=42)",r2,True,complete_grid_prefix_forest_equivalent,216,0.5572428017295193,31.904403924942017,,sqrt,1,2,50
C_BMP_DM_all_features,15,3,5,"KFold(n_splits=5, shuffle=True, random_state=42)",r2,True,complete_grid_prefix_forest_equivalent,216,0.5135302775750603,32.15769338607788,7,sqrt,2,5,50
C_BMP_DM_all_features,16,4,1,"KFold(n_splits=5, shuffle=True, random_state=42)",r2,True,complete_grid_prefix_forest_equivalent,216,0.4717031817387268,31.011722803115845,10,sqrt,2,2,50
C_BMP_DM_all_features,17,4,2,"KFold(n_splits=5, shuffle=True, random_state=42)",r2,True,complete_grid_prefix_forest_equivalent,216,0.5388710304355279,33.104987382888794,7,sqrt,1,2,50
C_BMP_DM_all_features,18,4,3,"KFold(n_splits=5, shuffle=True, random_state=42)",r2,True,complete_grid_prefix_forest_equivalent,216,0.5816164597501384,32.60464286804199,7,0.7,1,10,50
C_BMP_DM_all_features,19,4,4,"KFold(n_splits=5, shuffle=True, random_state=42)",r2,True,complete_grid_prefix_forest_equivalent,216,0.556342322852563,32.56262731552124,7,sqrt,1,2,100
C_BMP_DM_all_features,20,4,5,"KFold(n_splits=5, shuffle=True, random_state=42)",r2,True,complete_grid_prefix_forest_equivalent,216,0.5171467671108563,32.189759731292725,,sqrt,1,5,150
C_BMP_DM_all_features,21,5,1,"KFold(n_splits=5, shuffle=True, random_state=42)",r2,True,complete_grid_prefix_forest_equivalent,216,0.5498240236827044,31.702022552490234,5,sqrt,1,2,100
C_BMP_DM_all_features,22,5,2,"KFold(n_splits=5, shuffle=True, random_state=42)",r2,True,complete_grid_prefix_forest_equivalent,216,0.4784952284116408,33.15781235694885,5,sqrt,1,10,150
C_BMP_DM_all_features,23,5,3,"KFold(n_splits=5, shuffle=True, random_state=42)",r2,True,complete_grid_prefix_forest_equivalent,216,0.5163658256204635,30.264631509780884,10,sqrt,1,2,150
C_BMP_DM_all_features,24,5,4,"KFold(n_splits=5, shuffle=True, random_state=42)",r2,True,complete_grid_prefix_forest_equivalent,216,0.5364280236197854,35.05955672264099,,sqrt,1,5,100
C_BMP_DM_all_features,25,5,5,"KFold(n_splits=5, shuffle=True, random_state=42)",r2,True,complete_grid_prefix_forest_equivalent,216,0.6037881612155488,31.587103605270386,10,0.7,4,2,100
C_BMP_DM_all_features,26,6,1,"KFold(n_splits=5, shuffle=True, random_state=42)",r2,True,complete_grid_prefix_forest_equivalent,216,0.5367309688979532,32.58756923675537,7,0.7,1,2,150
C_BMP_DM_all_features,27,6,2,"KFold(n_splits=5, shuffle=True, random_state=42)",r2,True,complete_grid_prefix_forest_equivalent,216,0.5183286835220287,31.265649557113647,,sqrt,2,5,50
C_BMP_DM_all_features,28,6,3,"KFold(n_splits=5, shuffle=True, random_state=42)",r2,True,complete_grid_prefix_forest_equivalent,216,0.5334944915433908,30.53251886367798,,sqrt,1,2,150
C_BMP_DM_all_features,29,6,4,"KFold(n_splits=5, shuffle=True, random_state=42)",r2,True,complete_grid_prefix_forest_equivalent,216,0.5205883645514456,34.16933727264404,5,sqrt,1,2,50
C_BMP_DM_all_features,30,6,5,"KFold(n_splits=5, shuffle=True, random_state=42)",r2,True,complete_grid_prefix_forest_equivalent,216,0.5208386768371291,30.958961248397827,7,sqrt,1,2,50
C_BMP_DM_all_features,31,7,1,"KFold(n_splits=5, shuffle=True, random_state=42)",r2,True,complete_grid_prefix_forest_equivalent,216,0.5314326793367072,32.39249348640442,7,sqrt,2,2,100
C_BMP_DM_all_features,32,7,2,"KFold(n_splits=5, shuffle=True, random_state=42)",r2,True,complete_grid_prefix_forest_equivalent,216,0.46288733959588113,30.584737300872803,7,sqrt,1,2,50
C_BMP_DM_all_features,33,7,3,"KFold(n_splits=5, shuffle=True, random_state=42)",r2,True,complete_grid_prefix_forest_equivalent,216,0.5897304055683747,30.80999207496643,10,0.7,1,2,100
C_BMP_DM_all_features,34,7,4,"KFold(n_splits=5, shuffle=True, random_state=42)",r2,True,complete_grid_prefix_forest_equivalent,216,0.5654224748622718,32.78310418128967,7,sqrt,1,2,100
C_BMP_DM_all_features,35,7,5,"KFold(n_splits=5, shuffle=True, random_state=42)",r2,True,complete_grid_prefix_forest_equivalent,216,0.5179589744175208,30.804205417633057,7,sqrt,2,2,50
C_BMP_DM_all_features,36,8,1,"KFold(n_splits=5, shuffle=True, random_state=42)",r2,True,complete_grid_prefix_forest_equivalent,216,0.5389683781412489,34.38922452926636,7,sqrt,1,2,150
C_BMP_DM_all_features,37,8,2,"KFold(n_splits=5, shuffle=True, random_state=42)",r2,True,complete_grid_prefix_forest_equivalent,216,0.5980842961539976,31.02591347694397,7,sqrt,1,2,50
C_BMP_DM_all_features,38,8,3,"KFold(n_splits=5, shuffle=True, random_state=42)",r2,True,complete_grid_prefix_forest_equivalent,216,0.5162140790005929,31.641648530960083,5,sqrt,1,5,50
C_BMP_DM_all_features,39,8,4,"KFold(n_splits=5, shuffle=True, random_state=42)",r2,True,complete_grid_prefix_forest_equivalent,216,0.45613287106012096,32.18618440628052,,0.7,1,10,100
C_BMP_DM_all_features,40,8,5,"KFold(n_splits=5, shuffle=True, random_state=42)",r2,True,complete_grid_prefix_forest_equivalent,216,0.4326477852789318,31.482664108276367,5,sqrt,4,2,50
C_BMP_DM_all_features,41,9,1,"KFold(n_splits=5, shuffle=True, random_state=42)",r2,True,complete_grid_prefix_forest_equivalent,216,0.5455104732709944,33.08077812194824,5,0.7,4,10,100
C_BMP_DM_all_features,42,9,2,"KFold(n_splits=5, shuffle=True, random_state=42)",r2,True,complete_grid_prefix_forest_equivalent,216,0.5347497328867263,33.644290924072266,10,sqrt,1,2,150
C_BMP_DM_all_features,43,9,3,"KFold(n_splits=5, shuffle=True, random_state=42)",r2,True,complete_grid_prefix_forest_equivalent,216,0.4995602098365616,33.03968405723572,,sqrt,1,2,100
C_BMP_DM_all_features,44,9,4,"KFold(n_splits=5, shuffle=True, random_state=42)",r2,True,complete_grid_prefix_forest_equivalent,216,0.49652692616094807,31.76559281349182,7,sqrt,1,2,100
C_BMP_DM_all_features,45,9,5,"KFold(n_splits=5, shuffle=True, random_state=42)",r2,True,complete_grid_prefix_forest_equivalent,216,0.48815751466177826,31.59127974510193,7,0.7,2,2,50
C_BMP_DM_all_features,46,10,1,"KFold(n_splits=5, shuffle=True, random_state=42)",r2,True,complete_grid_prefix_forest_equivalent,216,0.5066421509687346,32.61802625656128,5,sqrt,1,5,50
C_BMP_DM_all_features,47,10,2,"KFold(n_splits=5, shuffle=True, random_state=42)",r2,True,complete_grid_prefix_forest_equivalent,216,0.5378583333627535,31.50744605064392,,sqrt,1,2,150
C_BMP_DM_all_features,48,10,3,"KFold(n_splits=5, shuffle=True, random_state=42)",r2,True,complete_grid_prefix_forest_equivalent,216,0.5190985962732146,32.26609015464783,5,0.7,2,2,50
C_BMP_DM_all_features,49,10,4,"KFold(n_splits=5, shuffle=True, random_state=42)",r2,True,complete_grid_prefix_forest_equivalent,216,0.5587755266253864,31.158193349838257,,sqrt,1,2,50
C_BMP_DM_all_features,50,10,5,"KFold(n_splits=5, shuffle=True, random_state=42)",r2,True,complete_grid_prefix_forest_equivalent,216,0.5040282433911375,31.81799817085266,,sqrt,2,2,50
D1_BMP_DM_no_DM,1,1,1,"KFold(n_splits=5, shuffle=True, random_state=42)",r2,True,complete_grid_prefix_forest_equivalent,216,0.4547782026948816,31.13068985939026,7,sqrt,2,5,100
D1_BMP_DM_no_DM,2,1,2,"KFold(n_splits=5, shuffle=True, random_state=42)",r2,True,complete_grid_prefix_forest_equivalent,216,0.5115449023242757,30.59347939491272,10,sqrt,2,2,100
D1_BMP_DM_no_DM,3,1,3,"KFold(n_splits=5, shuffle=True, random_state=42)",r2,True,complete_grid_prefix_forest_equivalent,216,0.49540337167285287,33.238197326660156,7,0.7,2,5,100
D1_BMP_DM_no_DM,4,1,4,"KFold(n_splits=5, shuffle=True, random_state=42)",r2,True,complete_grid_prefix_forest_equivalent,216,0.523263202525607,31.364416122436523,7,sqrt,1,2,50
D1_BMP_DM_no_DM,5,1,5,"KFold(n_splits=5, shuffle=True, random_state=42)",r2,True,complete_grid_prefix_forest_equivalent,216,0.5037701219743667,32.95846486091614,7,sqrt,1,5,100
D1_BMP_DM_no_DM,6,2,1,"KFold(n_splits=5, shuffle=True, random_state=42)",r2,True,complete_grid_prefix_forest_equivalent,216,0.47998962620919183,32.6061909198761,7,0.7,1,5,150
D1_BMP_DM_no_DM,7,2,2,"KFold(n_splits=5, shuffle=True, random_state=42)",r2,True,complete_grid_prefix_forest_equivalent,216,0.44712086474108925,31.54861545562744,5,sqrt,1,2,150
D1_BMP_DM_no_DM,8,2,3,"KFold(n_splits=5, shuffle=True, random_state=42)",r2,True,complete_grid_prefix_forest_equivalent,216,0.5279388103461427,33.02681541442871,10,0.7,2,2,150
D1_BMP_DM_no_DM,9,2,4,"KFold(n_splits=5, shuffle=True, random_state=42)",r2,True,complete_grid_prefix_forest_equivalent,216,0.5673316866416972,30.2117657661438,5,0.7,1,2,50
D1_BMP_DM_no_DM,10,2,5,"KFold(n_splits=5, shuffle=True, random_state=42)",r2,True,complete_grid_prefix_forest_equivalent,216,0.48647013342059997,34.02767992019653,7,0.7,1,2,50
D1_BMP_DM_no_DM,11,3,1,"KFold(n_splits=5, shuffle=True, random_state=42)",r2,True,complete_grid_prefix_forest_equivalent,216,0.47906483241486625,32.37547016143799,10,0.7,2,2,50
D1_BMP_DM_no_DM,12,3,2,"KFold(n_splits=5, shuffle=True, random_state=42)",r2,True,complete_grid_prefix_forest_equivalent,216,0.45463103607359284,32.33810591697693,5,sqrt,2,2,50
D1_BMP_DM_no_DM,13,3,3,"KFold(n_splits=5, shuffle=True, random_state=42)",r2,True,complete_grid_prefix_forest_equivalent,216,0.5130856548523781,30.455416917800903,10,0.7,1,2,50
D1_BMP_DM_no_DM,14,3,4,"KFold(n_splits=5, shuffle=True, random_state=42)",r2,True,complete_grid_prefix_forest_equivalent,216,0.5023250001682081,30.707679510116577,10,sqrt,1,2,100
D1_BMP_DM_no_DM,15,3,5,"KFold(n_splits=5, shuffle=True, random_state=42)",r2,True,complete_grid_prefix_forest_equivalent,216,0.5004338020823804,33.57789182662964,10,sqrt,1,2,100
D1_BMP_DM_no_DM,16,4,1,"KFold(n_splits=5, shuffle=True, random_state=42)",r2,True,complete_grid_prefix_forest_equivalent,216,0.46023465070667413,30.63815426826477,7,sqrt,1,2,50
D1_BMP_DM_no_DM,17,4,2,"KFold(n_splits=5, shuffle=True, random_state=42)",r2,True,complete_grid_prefix_forest_equivalent,216,0.4776030924339042,32.29592204093933,10,sqrt,1,2,50
D1_BMP_DM_no_DM,18,4,3,"KFold(n_splits=5, shuffle=True, random_state=42)",r2,True,complete_grid_prefix_forest_equivalent,216,0.5282023703467793,31.969098806381226,,0.7,1,10,100
D1_BMP_DM_no_DM,19,4,4,"KFold(n_splits=5, shuffle=True, random_state=42)",r2,True,complete_grid_prefix_forest_equivalent,216,0.5628273701799422,30.753473043441772,10,0.7,1,2,100
D1_BMP_DM_no_DM,20,4,5,"KFold(n_splits=5, shuffle=True, random_state=42)",r2,True,complete_grid_prefix_forest_equivalent,216,0.5153118232680803,33.318615436553955,5,0.7,2,5,100
D1_BMP_DM_no_DM,21,5,1,"KFold(n_splits=5, shuffle=True, random_state=42)",r2,True,complete_grid_prefix_forest_equivalent,216,0.5300844729302753,30.003110647201538,,sqrt,1,5,50
D1_BMP_DM_no_DM,22,5,2,"KFold(n_splits=5, shuffle=True, random_state=42)",r2,True,complete_grid_prefix_forest_equivalent,216,0.46007834080664267,32.53638172149658,5,sqrt,4,10,50
D1_BMP_DM_no_DM,23,5,3,"KFold(n_splits=5, shuffle=True, random_state=42)",r2,True,complete_grid_prefix_forest_equivalent,216,0.4686304933726527,31.879008769989014,7,sqrt,1,2,150
D1_BMP_DM_no_DM,24,5,4,"KFold(n_splits=5, shuffle=True, random_state=42)",r2,True,complete_grid_prefix_forest_equivalent,216,0.5121592855192696,30.83066701889038,7,sqrt,1,2,150
D1_BMP_DM_no_DM,25,5,5,"KFold(n_splits=5, shuffle=True, random_state=42)",r2,True,complete_grid_prefix_forest_equivalent,216,0.6006912024767441,34.06703782081604,10,sqrt,2,2,100
D1_BMP_DM_no_DM,26,6,1,"KFold(n_splits=5, shuffle=True, random_state=42)",r2,True,complete_grid_prefix_forest_equivalent,216,0.5289737878389591,31.126629114151,10,0.7,1,2,50
D1_BMP_DM_no_DM,27,6,2,"KFold(n_splits=5, shuffle=True, random_state=42)",r2,True,complete_grid_prefix_forest_equivalent,216,0.4857497081411709,32.655588150024414,,sqrt,1,2,50
D1_BMP_DM_no_DM,28,6,3,"KFold(n_splits=5, shuffle=True, random_state=42)",r2,True,complete_grid_prefix_forest_equivalent,216,0.510684323703681,31.574811220169067,10,sqrt,1,5,100
D1_BMP_DM_no_DM,29,6,4,"KFold(n_splits=5, shuffle=True, random_state=42)",r2,True,complete_grid_prefix_forest_equivalent,216,0.46256059425460877,34.34735321998596,10,sqrt,1,5,150
D1_BMP_DM_no_DM,30,6,5,"KFold(n_splits=5, shuffle=True, random_state=42)",r2,True,complete_grid_prefix_forest_equivalent,216,0.503335311345199,32.2670214176178,7,0.7,1,2,150
D1_BMP_DM_no_DM,31,7,1,"KFold(n_splits=5, shuffle=True, random_state=42)",r2,True,complete_grid_prefix_forest_equivalent,216,0.5154056013801277,28.679539442062378,10,sqrt,1,10,50
D1_BMP_DM_no_DM,32,7,2,"KFold(n_splits=5, shuffle=True, random_state=42)",r2,True,complete_grid_prefix_forest_equivalent,216,0.4260722020652361,33.112311363220215,5,sqrt,2,5,50
D1_BMP_DM_no_DM,33,7,3,"KFold(n_splits=5, shuffle=True, random_state=42)",r2,True,complete_grid_prefix_forest_equivalent,216,0.6067257442761036,31.325685024261475,,0.7,1,2,150
D1_BMP_DM_no_DM,34,7,4,"KFold(n_splits=5, shuffle=True, random_state=42)",r2,True,complete_grid_prefix_forest_equivalent,216,0.5308189610585691,32.781267404556274,7,sqrt,1,5,50
D1_BMP_DM_no_DM,35,7,5,"KFold(n_splits=5, shuffle=True, random_state=42)",r2,True,complete_grid_prefix_forest_equivalent,216,0.4861405602403438,31.992274284362793,7,0.7,1,10,100
D1_BMP_DM_no_DM,36,8,1,"KFold(n_splits=5, shuffle=True, random_state=42)",r2,True,complete_grid_prefix_forest_equivalent,216,0.5424241673565744,31.001646280288696,7,sqrt,1,2,50
D1_BMP_DM_no_DM,37,8,2,"KFold(n_splits=5, shuffle=True, random_state=42)",r2,True,complete_grid_prefix_forest_equivalent,216,0.5443583013993215,33.88979506492615,10,sqrt,1,2,50
D1_BMP_DM_no_DM,38,8,3,"KFold(n_splits=5, shuffle=True, random_state=42)",r2,True,complete_grid_prefix_forest_equivalent,216,0.48056899719406765,36.178383111953735,,sqrt,1,5,50
D1_BMP_DM_no_DM,39,8,4,"KFold(n_splits=5, shuffle=True, random_state=42)",r2,True,complete_grid_prefix_forest_equivalent,216,0.4495566719434292,37.838037967681885,,0.7,1,2,100
D1_BMP_DM_no_DM,40,8,5,"KFold(n_splits=5, shuffle=True, random_state=42)",r2,True,complete_grid_prefix_forest_equivalent,216,0.40477646602868705,33.997742891311646,7,sqrt,2,10,100
D1_BMP_DM_no_DM,41,9,1,"KFold(n_splits=5, shuffle=True, random_state=42)",r2,True,complete_grid_prefix_forest_equivalent,216,0.5270367092997447,37.709707260131836,5,0.7,4,2,100
D1_BMP_DM_no_DM,42,9,2,"KFold(n_splits=5, shuffle=True, random_state=42)",r2,True,complete_grid_prefix_forest_equivalent,216,0.5138143040237988,33.589211225509644,7,sqrt,1,10,50
D1_BMP_DM_no_DM,43,9,3,"KFold(n_splits=5, shuffle=True, random_state=42)",r2,True,complete_grid_prefix_forest_equivalent,216,0.47804232222836573,36.40239095687866,7,0.7,2,2,50
D1_BMP_DM_no_DM,44,9,4,"KFold(n_splits=5, shuffle=True, random_state=42)",r2,True,complete_grid_prefix_forest_equivalent,216,0.47480044829201845,35.933282136917114,7,0.7,1,5,100
D1_BMP_DM_no_DM,45,9,5,"KFold(n_splits=5, shuffle=True, random_state=42)",r2,True,complete_grid_prefix_forest_equivalent,216,0.474454412016519,35.362834215164185,7,0.7,2,5,50
D1_BMP_DM_no_DM,46,10,1,"KFold(n_splits=5, shuffle=True, random_state=42)",r2,True,complete_grid_prefix_forest_equivalent,216,0.494091090393672,39.076916456222534,5,sqrt,2,5,50
D1_BMP_DM_no_DM,47,10,2,"KFold(n_splits=5, shuffle=True, random_state=42)",r2,True,complete_grid_prefix_forest_equivalent,216,0.49451063980426735,35.56484627723694,10,sqrt,1,2,100
D1_BMP_DM_no_DM,48,10,3,"KFold(n_splits=5, shuffle=True, random_state=42)",r2,True,complete_grid_prefix_forest_equivalent,216,0.4974674496336961,37.97071123123169,7,0.7,1,5,100
D1_BMP_DM_no_DM,49,10,4,"KFold(n_splits=5, shuffle=True, random_state=42)",r2,True,complete_grid_prefix_forest_equivalent,216,0.5290142912056407,34.35220766067505,,sqrt,1,2,50
D1_BMP_DM_no_DM,50,10,5,"KFold(n_splits=5, shuffle=True, random_state=42)",r2,True,complete_grid_prefix_forest_equivalent,216,0.4981263942334547,37.81942844390869,5,sqrt,2,2,100
D2_BMP_DM_no_VS,1,1,1,"KFold(n_splits=5, shuffle=True, random_state=42)",r2,True,complete_grid_prefix_forest_equivalent,216,0.48177142787665106,34.701589584350586,,0.7,1,2,50
D2_BMP_DM_no_VS,2,1,2,"KFold(n_splits=5, shuffle=True, random_state=42)",r2,True,complete_grid_prefix_forest_equivalent,216,0.5105368100572816,36.996220111846924,10,sqrt,1,2,100
D2_BMP_DM_no_VS,3,1,3,"KFold(n_splits=5, shuffle=True, random_state=42)",r2,True,complete_grid_prefix_forest_equivalent,216,0.5002622886815797,36.973222732543945,7,0.7,2,5,100
D2_BMP_DM_no_VS,4,1,4,"KFold(n_splits=5, shuffle=True, random_state=42)",r2,True,complete_grid_prefix_forest_equivalent,216,0.5337227718616318,34.92081689834595,7,sqrt,1,2,50
D2_BMP_DM_no_VS,5,1,5,"KFold(n_splits=5, shuffle=True, random_state=42)",r2,True,complete_grid_prefix_forest_equivalent,216,0.5111736430472178,33.552557945251465,7,sqrt,1,5,100
D2_BMP_DM_no_VS,6,2,1,"KFold(n_splits=5, shuffle=True, random_state=42)",r2,True,complete_grid_prefix_forest_equivalent,216,0.501441555454372,31.679996252059937,7,sqrt,1,2,100
D2_BMP_DM_no_VS,7,2,2,"KFold(n_splits=5, shuffle=True, random_state=42)",r2,True,complete_grid_prefix_forest_equivalent,216,0.4625801354341509,33.621373414993286,5,sqrt,1,2,150
D2_BMP_DM_no_VS,8,2,3,"KFold(n_splits=5, shuffle=True, random_state=42)",r2,True,complete_grid_prefix_forest_equivalent,216,0.5386417924874863,31.888864040374756,10,0.7,1,5,150
D2_BMP_DM_no_VS,9,2,4,"KFold(n_splits=5, shuffle=True, random_state=42)",r2,True,complete_grid_prefix_forest_equivalent,216,0.5751722685449095,31.098129749298096,10,sqrt,1,5,50
D2_BMP_DM_no_VS,10,2,5,"KFold(n_splits=5, shuffle=True, random_state=42)",r2,True,complete_grid_prefix_forest_equivalent,216,0.4906333527781701,33.337822914123535,7,0.7,1,5,50
D2_BMP_DM_no_VS,11,3,1,"KFold(n_splits=5, shuffle=True, random_state=42)",r2,True,complete_grid_prefix_forest_equivalent,216,0.479533975107576,30.730804204940796,,0.7,1,5,50
D2_BMP_DM_no_VS,12,3,2,"KFold(n_splits=5, shuffle=True, random_state=42)",r2,True,complete_grid_prefix_forest_equivalent,216,0.45240338218055154,32.44774317741394,5,sqrt,2,2,50
D2_BMP_DM_no_VS,13,3,3,"KFold(n_splits=5, shuffle=True, random_state=42)",r2,True,complete_grid_prefix_forest_equivalent,216,0.5119520957511616,32.535441637039185,,sqrt,1,2,150
D2_BMP_DM_no_VS,14,3,4,"KFold(n_splits=5, shuffle=True, random_state=42)",r2,True,complete_grid_prefix_forest_equivalent,216,0.5137688860453073,34.55119585990906,7,sqrt,1,2,100
D2_BMP_DM_no_VS,15,3,5,"KFold(n_splits=5, shuffle=True, random_state=42)",r2,True,complete_grid_prefix_forest_equivalent,216,0.5052122307539457,33.364253520965576,10,sqrt,1,2,150
D2_BMP_DM_no_VS,16,4,1,"KFold(n_splits=5, shuffle=True, random_state=42)",r2,True,complete_grid_prefix_forest_equivalent,216,0.45845932204306206,31.89057946205139,7,sqrt,1,2,50
D2_BMP_DM_no_VS,17,4,2,"KFold(n_splits=5, shuffle=True, random_state=42)",r2,True,complete_grid_prefix_forest_equivalent,216,0.4860658121248691,34.317403078079224,7,sqrt,1,2,100
D2_BMP_DM_no_VS,18,4,3,"KFold(n_splits=5, shuffle=True, random_state=42)",r2,True,complete_grid_prefix_forest_equivalent,216,0.5421620807167323,35.247273206710815,5,0.7,1,2,100
D2_BMP_DM_no_VS,19,4,4,"KFold(n_splits=5, shuffle=True, random_state=42)",r2,True,complete_grid_prefix_forest_equivalent,216,0.5600719188453944,32.2577121257782,10,0.7,1,2,100
D2_BMP_DM_no_VS,20,4,5,"KFold(n_splits=5, shuffle=True, random_state=42)",r2,True,complete_grid_prefix_forest_equivalent,216,0.515210704747866,31.531378507614136,10,sqrt,1,10,50
D2_BMP_DM_no_VS,21,5,1,"KFold(n_splits=5, shuffle=True, random_state=42)",r2,True,complete_grid_prefix_forest_equivalent,216,0.5311996026713299,34.14386200904846,5,0.7,2,5,50
D2_BMP_DM_no_VS,22,5,2,"KFold(n_splits=5, shuffle=True, random_state=42)",r2,True,complete_grid_prefix_forest_equivalent,216,0.47054832389304996,41.09884691238403,7,sqrt,1,5,100
D2_BMP_DM_no_VS,23,5,3,"KFold(n_splits=5, shuffle=True, random_state=42)",r2,True,complete_grid_prefix_forest_equivalent,216,0.4661101758407491,44.8900465965271,10,sqrt,2,2,50
D2_BMP_DM_no_VS,24,5,4,"KFold(n_splits=5, shuffle=True, random_state=42)",r2,True,complete_grid_prefix_forest_equivalent,216,0.5241360756154977,41.406206130981445,10,sqrt,1,2,100
D2_BMP_DM_no_VS,25,5,5,"KFold(n_splits=5, shuffle=True, random_state=42)",r2,True,complete_grid_prefix_forest_equivalent,216,0.5997582872983692,36.696210861206055,5,0.7,2,2,50
D2_BMP_DM_no_VS,26,6,1,"KFold(n_splits=5, shuffle=True, random_state=42)",r2,True,complete_grid_prefix_forest_equivalent,216,0.5336068177399379,40.26706337928772,10,0.7,1,2,50
D2_BMP_DM_no_VS,27,6,2,"KFold(n_splits=5, shuffle=True, random_state=42)",r2,True,complete_grid_prefix_forest_equivalent,216,0.4832824342424087,39.00196957588196,5,sqrt,1,5,50
D2_BMP_DM_no_VS,28,6,3,"KFold(n_splits=5, shuffle=True, random_state=42)",r2,True,complete_grid_prefix_forest_equivalent,216,0.5124407199050373,40.340391874313354,7,sqrt,1,5,100
D2_BMP_DM_no_VS,29,6,4,"KFold(n_splits=5, shuffle=True, random_state=42)",r2,True,complete_grid_prefix_forest_equivalent,216,0.48019528845070747,38.04910206794739,7,sqrt,1,5,150
D2_BMP_DM_no_VS,30,6,5,"KFold(n_splits=5, shuffle=True, random_state=42)",r2,True,complete_grid_prefix_forest_equivalent,216,0.49683846807346344,37.13169622421265,7,0.7,2,5,150
D2_BMP_DM_no_VS,31,7,1,"KFold(n_splits=5, shuffle=True, random_state=42)",r2,True,complete_grid_prefix_forest_equivalent,216,0.5191487576237884,34.915812969207764,7,sqrt,1,2,150
D2_BMP_DM_no_VS,32,7,2,"KFold(n_splits=5, shuffle=True, random_state=42)",r2,True,complete_grid_prefix_forest_equivalent,216,0.41629221561936325,34.01989674568176,5,sqrt,2,5,50
D2_BMP_DM_no_VS,33,7,3,"KFold(n_splits=5, shuffle=True, random_state=42)",r2,True,complete_grid_prefix_forest_equivalent,216,0.5887162761723417,36.50759840011597,,0.7,1,5,150
D2_BMP_DM_no_VS,34,7,4,"KFold(n_splits=5, shuffle=True, random_state=42)",r2,True,complete_grid_prefix_forest_equivalent,216,0.5294785532091344,34.670329093933105,7,sqrt,1,5,50
D2_BMP_DM_no_VS,35,7,5,"KFold(n_splits=5, shuffle=True, random_state=42)",r2,True,complete_grid_prefix_forest_equivalent,216,0.4879132157510062,34.13498520851135,,sqrt,1,10,100
D2_BMP_DM_no_VS,36,8,1,"KFold(n_splits=5, shuffle=True, random_state=42)",r2,True,complete_grid_prefix_forest_equivalent,216,0.5540633264064223,33.88146734237671,10,sqrt,1,2,50
D2_BMP_DM_no_VS,37,8,2,"KFold(n_splits=5, shuffle=True, random_state=42)",r2,True,complete_grid_prefix_forest_equivalent,216,0.5558225929501768,36.16071629524231,10,sqrt,1,2,50
D2_BMP_DM_no_VS,38,8,3,"KFold(n_splits=5, shuffle=True, random_state=42)",r2,True,complete_grid_prefix_forest_equivalent,216,0.4732138405789966,33.96911287307739,5,sqrt,2,5,150
D2_BMP_DM_no_VS,39,8,4,"KFold(n_splits=5, shuffle=True, random_state=42)",r2,True,complete_grid_prefix_forest_equivalent,216,0.4504109150137193,33.621944189071655,7,0.7,1,10,100
D2_BMP_DM_no_VS,40,8,5,"KFold(n_splits=5, shuffle=True, random_state=42)",r2,True,complete_grid_prefix_forest_equivalent,216,0.41135826715407386,33.44074559211731,7,sqrt,2,10,100
D2_BMP_DM_no_VS,41,9,1,"KFold(n_splits=5, shuffle=True, random_state=42)",r2,True,complete_grid_prefix_forest_equivalent,216,0.5345515528761797,34.12127351760864,5,0.7,4,2,100
D2_BMP_DM_no_VS,42,9,2,"KFold(n_splits=5, shuffle=True, random_state=42)",r2,True,complete_grid_prefix_forest_equivalent,216,0.5094608559376793,36.25302720069885,,sqrt,1,2,50
D2_BMP_DM_no_VS,43,9,3,"KFold(n_splits=5, shuffle=True, random_state=42)",r2,True,complete_grid_prefix_forest_equivalent,216,0.4781975999739975,34.59227991104126,10,sqrt,1,2,100
D2_BMP_DM_no_VS,44,9,4,"KFold(n_splits=5, shuffle=True, random_state=42)",r2,True,complete_grid_prefix_forest_equivalent,216,0.476426018303205,34.325966596603394,7,sqrt,1,5,100
D2_BMP_DM_no_VS,45,9,5,"KFold(n_splits=5, shuffle=True, random_state=42)",r2,True,complete_grid_prefix_forest_equivalent,216,0.4651001251748264,34.500762939453125,7,0.7,1,2,150
D2_BMP_DM_no_VS,46,10,1,"KFold(n_splits=5, shuffle=True, random_state=42)",r2,True,complete_grid_prefix_forest_equivalent,216,0.4976675748782748,33.308371782302856,5,sqrt,2,5,50
D2_BMP_DM_no_VS,47,10,2,"KFold(n_splits=5, shuffle=True, random_state=42)",r2,True,complete_grid_prefix_forest_equivalent,216,0.5051390726864097,36.75299525260925,10,sqrt,1,2,100
D2_BMP_DM_no_VS,48,10,3,"KFold(n_splits=5, shuffle=True, random_state=42)",r2,True,complete_grid_prefix_forest_equivalent,216,0.5089220423566554,35.99816131591797,7,0.7,1,5,100
D2_BMP_DM_no_VS,49,10,4,"KFold(n_splits=5, shuffle=True, random_state=42)",r2,True,complete_grid_prefix_forest_equivalent,216,0.5412361432257663,35.240150451660156,,sqrt,1,2,50
D2_BMP_DM_no_VS,50,10,5,"KFold(n_splits=5, shuffle=True, random_state=42)",r2,True,complete_grid_prefix_forest_equivalent,216,0.4973096041970484,32.37631273269653,5,sqrt,2,5,100
